{"assets/access-animation.lottie":["assets/access-animation.lottie"],"assets/app_icon.png":["assets/app_icon.png"],"assets/download-animation.lottie":["assets/download-animation.lottie"],"assets/empty.png":["assets/empty.png"],"assets/ignou.png":["assets/ignou.png"],"assets/telegram-animation.lottie":["assets/telegram-animation.lottie"],"assets/update-animation.lottie":["assets/update-animation.lottie"],"assets/welcome-animation.lottie":["assets/welcome-animation.lottie"],"packages/syncfusion_flutter_pdfviewer/assets/fonts/RobotoMono-Regular.ttf":["packages/syncfusion_flutter_pdfviewer/assets/fonts/RobotoMono-Regular.ttf"],"packages/syncfusion_flutter_pdfviewer/assets/highlight.png":["packages/syncfusion_flutter_pdfviewer/assets/highlight.png"],"packages/syncfusion_flutter_pdfviewer/assets/squiggly.png":["packages/syncfusion_flutter_pdfviewer/assets/squiggly.png"],"packages/syncfusion_flutter_pdfviewer/assets/strikethrough.png":["packages/syncfusion_flutter_pdfviewer/assets/strikethrough.png"],"packages/syncfusion_flutter_pdfviewer/assets/underline.png":["packages/syncfusion_flutter_pdfviewer/assets/underline.png"]}